year,rank,nation,gold,silver,bronze,total,all_total,all_gold,all_silver,all_bronze,prop_total,prop_gold,prop_silver,prop_bronze
1951,1,Japan,24,21,15,60,169,57,57,55,0.35502958579881655,0.42105263157894735,0.3684210526315789,0.2727272727272727
1951,2,India,15,16,20,51,169,57,57,55,0.30177514792899407,0.2631578947368421,0.2807017543859649,0.36363636363636365
1951,3,Iran,8,6,2,16,169,57,57,55,0.09467455621301775,0.14035087719298245,0.10526315789473684,0.03636363636363636
1951,4,Singapore,5,7,2,14,169,57,57,55,0.08284023668639054,0.08771929824561403,0.12280701754385964,0.03636363636363636
1951,5,Philippines,5,6,8,19,169,57,57,55,0.11242603550295859,0.08771929824561403,0.10526315789473684,0.14545454545454545
1951,6,Sri Lanka,0,1,0,1,169,57,57,55,0.005917159763313609,0,0.017543859649122806,0
1951,7,Indonesia,0,0,5,5,169,57,57,55,0.029585798816568046,0,0,0.09090909090909091
1951,8,Myanmar,0,0,3,3,169,57,57,55,0.01775147928994083,0,0,0.05454545454545454
1954,1,Japan,38,36,24,98,229,77,77,75,0.4279475982532751,0.4935064935064935,0.4675324675324675,0.32
1954,2,Philippines,14,14,17,45,229,77,77,75,0.1965065502183406,0.18181818181818182,0.18181818181818182,0.22666666666666666
1954,3,South Korea,8,6,5,19,229,77,77,75,0.08296943231441048,0.1038961038961039,0.07792207792207792,0.06666666666666667
1954,4,Pakistan,5,6,2,13,229,77,77,75,0.056768558951965066,0.06493506493506493,0.07792207792207792,0.02666666666666667
1954,5,India,5,4,8,17,229,77,77,75,0.07423580786026202,0.06493506493506493,0.05194805194805195,0.10666666666666667
1954,6,Chinese Taipei,2,4,7,13,229,77,77,75,0.056768558951965066,0.025974025974025976,0.05194805194805195,0.09333333333333334
1954,7,Israel,2,1,1,4,229,77,77,75,0.017467248908296942,0.025974025974025976,0.012987012987012988,0.013333333333333334
1954,8,Myanmar,2,0,2,4,229,77,77,75,0.017467248908296942,0.025974025974025976,0,0.02666666666666667
1954,9,Singapore,1,4,4,9,229,77,77,75,0.039301310043668124,0.012987012987012988,0.05194805194805195,0.05333333333333334
1954,10,Sri Lanka,0,1,1,2,229,77,77,75,0.008733624454148471,0,0.012987012987012988,0.013333333333333334
1954,11,Afghanistan,0,1,0,1,229,77,77,75,0.004366812227074236,0,0.012987012987012988,0
1954,12,Indonesia,0,0,3,3,229,77,77,75,0.013100436681222707,0,0,0.04
1954,13,Hong Kong,0,0,1,1,229,77,77,75,0.004366812227074236,0,0,0.013333333333333334
1958,1,Japan,67,41,30,138,350,112,112,126,0.3942857142857143,0.5982142857142857,0.36607142857142855,0.23809523809523808
1958,2,Philippines,8,19,21,48,350,112,112,126,0.13714285714285715,0.07142857142857142,0.16964285714285715,0.16666666666666666
1958,3,South Korea,8,7,12,27,350,112,112,126,0.07714285714285714,0.07142857142857142,0.0625,0.09523809523809523
1958,4,Iran,7,14,11,32,350,112,112,126,0.09142857142857143,0.0625,0.125,0.0873015873015873
1958,5,Chinese Taipei,6,11,17,34,350,112,112,126,0.09714285714285714,0.05357142857142857,0.09821428571428571,0.1349206349206349
1958,6,Pakistan,6,11,9,26,350,112,112,126,0.07428571428571429,0.05357142857142857,0.09821428571428571,0.07142857142857142
1958,7,India,5,4,4,13,350,112,112,126,0.037142857142857144,0.044642857142857144,0.03571428571428571,0.031746031746031744
1958,8,South Vietnam,2,0,4,6,350,112,112,126,0.017142857142857144,0.017857142857142856,0,0.031746031746031744
1958,9,Myanmar,1,2,1,4,350,112,112,126,0.011428571428571429,0.008928571428571428,0.017857142857142856,0.007936507936507936
1958,10,Singapore,1,1,1,3,350,112,112,126,0.008571428571428572,0.008928571428571428,0.008928571428571428,0.007936507936507936
1958,11,Sri Lanka,1,0,1,2,350,112,112,126,0.005714285714285714,0.008928571428571428,0,0.007936507936507936
1958,12,Thailand,0,1,3,4,350,112,112,126,0.011428571428571429,0,0.008928571428571428,0.023809523809523808
1958,13,Hong Kong,0,1,1,2,350,112,112,126,0.005714285714285714,0,0.008928571428571428,0.007936507936507936
1958,14,Indonesia,0,0,6,6,350,112,112,126,0.017142857142857144,0,0,0.047619047619047616
1958,15,Malaysia,0,0,3,3,350,112,112,126,0.008571428571428572,0,0,0.023809523809523808
1958,16,Israel,0,0,2,2,350,112,112,126,0.005714285714285714,0,0,0.015873015873015872
1962,1,Japan,73,56,23,152,372,120,122,130,0.40860215053763443,0.6083333333333333,0.45901639344262296,0.17692307692307693
1962,2,Indonesia,11,12,28,51,372,120,122,130,0.13709677419354838,0.09166666666666666,0.09836065573770492,0.2153846153846154
1962,3,India,10,13,10,33,372,120,122,130,0.08870967741935484,0.08333333333333333,0.10655737704918032,0.07692307692307693
1962,4,Pakistan,8,11,9,28,372,120,122,130,0.07526881720430108,0.06666666666666667,0.09016393442622951,0.06923076923076923
1962,5,Philippines,7,6,24,37,372,120,122,130,0.09946236559139784,0.058333333333333334,0.04918032786885246,0.18461538461538463
1962,6,South Korea,4,9,10,23,372,120,122,130,0.06182795698924731,0.03333333333333333,0.07377049180327869,0.07692307692307693
1962,7,Thailand,2,6,4,12,372,120,122,130,0.03225806451612903,0.016666666666666666,0.04918032786885246,0.03076923076923077
1962,8,Malaysia,2,4,9,15,372,120,122,130,0.04032258064516129,0.016666666666666666,0.03278688524590164,0.06923076923076923
1962,9,Myanmar,2,1,5,8,372,120,122,130,0.021505376344086023,0.016666666666666666,0.00819672131147541,0.038461538461538464
1962,10,Singapore,1,0,2,3,372,120,122,130,0.008064516129032258,0.008333333333333333,0,0.015384615384615385
1962,11,Sri Lanka,0,2,3,5,372,120,122,130,0.013440860215053764,0,0.01639344262295082,0.023076923076923078
1962,12,Hong Kong,0,2,0,2,372,120,122,130,0.005376344086021506,0,0.01639344262295082,0
1962,13,Afghanistan,0,0,1,1,372,120,122,130,0.002688172043010753,0,0,0.007692307692307693
1962,13,Cambodia,0,0,1,1,372,120,122,130,0.002688172043010753,0,0,0.007692307692307693
1962,13,South Vietnam,0,0,1,1,372,120,122,130,0.002688172043010753,0,0,0.007692307692307693
1966,1,Japan,78,53,33,164,450,140,140,170,0.36444444444444446,0.5571428571428572,0.37857142857142856,0.19411764705882353
1966,2,South Korea,12,18,21,51,450,140,140,170,0.11333333333333333,0.08571428571428572,0.12857142857142856,0.12352941176470589
1966,3,Thailand,12,14,11,37,450,140,140,170,0.08222222222222222,0.08571428571428572,0.1,0.06470588235294118
1966,4,Malaysia,7,5,6,18,450,140,140,170,0.04,0.05,0.03571428571428571,0.03529411764705882
1966,5,India,7,3,11,21,450,140,140,170,0.04666666666666667,0.05,0.02142857142857143,0.06470588235294118
1966,6,Iran,6,8,17,31,450,140,140,170,0.06888888888888889,0.04285714285714286,0.05714285714285714,0.1
1966,7,Indonesia,5,5,12,22,450,140,140,170,0.04888888888888889,0.03571428571428571,0.03571428571428571,0.07058823529411765
1966,8,Chinese Taipei,5,4,10,19,450,140,140,170,0.042222222222222223,0.03571428571428571,0.02857142857142857,0.058823529411764705
1966,9,Israel,3,5,3,11,450,140,140,170,0.024444444444444446,0.02142857142857143,0.03571428571428571,0.01764705882352941
1966,10,Philippines,2,15,25,42,450,140,140,170,0.09333333333333334,0.014285714285714285,0.10714285714285714,0.14705882352941177
1966,11,Pakistan,2,4,2,8,450,140,140,170,0.017777777777777778,0.014285714285714285,0.02857142857142857,0.011764705882352941
1966,12,Myanmar,1,0,4,5,450,140,140,170,0.011111111111111112,0.007142857142857143,0,0.023529411764705882
1966,13,Singapore,0,5,7,12,450,140,140,170,0.02666666666666667,0,0.03571428571428571,0.041176470588235294
1966,14,South Vietnam,0,1,1,2,450,140,140,170,0.0044444444444444444,0,0.007142857142857143,0.0058823529411764705
1966,15,Sri Lanka,0,0,6,6,450,140,140,170,0.013333333333333334,0,0,0.03529411764705882
1966,16,Hong Kong,0,0,1,1,450,140,140,170,0.0022222222222222222,0,0,0.0058823529411764705
1970,1,Japan,74,47,23,144,427,137,133,157,0.3372365339578454,0.5401459854014599,0.3533834586466165,0.1464968152866242
1970,2,South Korea,18,13,23,54,427,137,133,157,0.12646370023419204,0.13138686131386862,0.09774436090225563,0.1464968152866242
1970,3,Thailand,9,17,13,39,427,137,133,157,0.09133489461358314,0.06569343065693431,0.12781954887218044,0.08280254777070063
1970,4,Iran,9,7,7,23,427,137,133,157,0.053864168618266976,0.06569343065693431,0.05263157894736842,0.044585987261146494
1970,5,India,6,9,10,25,427,137,133,157,0.0585480093676815,0.043795620437956206,0.06766917293233082,0.06369426751592357
1970,6,Israel,6,6,5,17,427,137,133,157,0.03981264637002342,0.043795620437956206,0.045112781954887216,0.03184713375796178
1970,7,Malaysia,5,1,7,13,427,137,133,157,0.03044496487119438,0.0364963503649635,0.007518796992481203,0.044585987261146494
1970,8,Myanmar,3,2,7,12,427,137,133,157,0.02810304449648712,0.021897810218978103,0.015037593984962405,0.044585987261146494
1970,9,Indonesia,2,5,17,24,427,137,133,157,0.05620608899297424,0.014598540145985401,0.03759398496240601,0.10828025477707007
1970,10,Sri Lanka,2,2,0,4,427,137,133,157,0.00936768149882904,0.014598540145985401,0.015037593984962405,0
1970,11,Philippines,1,9,12,22,427,137,133,157,0.05152224824355972,0.0072992700729927005,0.06766917293233082,0.07643312101910828
1970,12,Chinese Taipei,1,5,12,18,427,137,133,157,0.04215456674473068,0.0072992700729927005,0.03759398496240601,0.07643312101910828
1970,13,Pakistan,1,2,7,10,427,137,133,157,0.0234192037470726,0.0072992700729927005,0.015037593984962405,0.044585987261146494
1970,14,Singapore,0,6,9,15,427,137,133,157,0.0351288056206089,0,0.045112781954887216,0.05732484076433121
1970,15,Cambodia,0,2,3,5,427,137,133,157,0.0117096018735363,0,0.015037593984962405,0.01910828025477707
1970,16,South Vietnam,0,0,2,2,427,137,133,157,0.00468384074941452,0,0,0.012738853503184714
1974,1,Japan,75,49,51,175,602,201,197,204,0.29069767441860467,0.373134328358209,0.24873096446700507,0.25
1974,2,Iran,36,28,17,81,602,201,197,204,0.1345514950166113,0.1791044776119403,0.14213197969543148,0.08333333333333333
1974,3,China,33,45,28,106,602,201,197,204,0.1760797342192691,0.16417910447761194,0.22842639593908629,0.13725490196078433
1974,4,South Korea,16,26,15,57,602,201,197,204,0.0946843853820598,0.07960199004975124,0.1319796954314721,0.07352941176470588
1974,5,Indonesia,15,14,17,46,602,201,197,204,0.07641196013289037,0.07462686567164178,0.07106598984771574,0.08333333333333333
1974,6,Israel,7,4,8,19,602,201,197,204,0.03156146179401993,0.03482587064676617,0.02030456852791878,0.0392156862745098
1974,7,India,4,12,12,28,602,201,197,204,0.046511627906976744,0.01990049751243781,0.06091370558375635,0.058823529411764705
1974,8,Thailand,4,2,8,14,602,201,197,204,0.023255813953488372,0.01990049751243781,0.01015228426395939,0.0392156862745098
1974,9,North Korea,3,4,4,11,602,201,197,204,0.018272425249169437,0.014925373134328358,0.02030456852791878,0.0196078431372549
1974,10,Mongolia,2,5,8,15,602,201,197,204,0.024916943521594685,0.009950248756218905,0.025380710659898477,0.0392156862745098
1974,11,Pakistan,2,0,7,9,602,201,197,204,0.014950166112956811,0.009950248756218905,0,0.03431372549019608
1974,12,Sri Lanka,2,0,0,2,602,201,197,204,0.0033222591362126247,0.009950248756218905,0,0
1974,13,Singapore,1,3,7,11,602,201,197,204,0.018272425249169437,0.004975124378109453,0.015228426395939087,0.03431372549019608
1974,14,Iraq,1,0,3,4,602,201,197,204,0.006644518272425249,0.004975124378109453,0,0.014705882352941176
1974,15,Philippines,0,2,11,13,602,201,197,204,0.02159468438538206,0,0.01015228426395939,0.05392156862745098
1974,16,Malaysia,0,1,5,6,602,201,197,204,0.009966777408637873,0,0.005076142131979695,0.024509803921568627
1974,17,Myanmar,0,1,2,3,602,201,197,204,0.0049833887043189366,0,0.005076142131979695,0.00980392156862745
1974,18,Kuwait,0,1,0,1,602,201,197,204,0.0016611295681063123,0,0.005076142131979695,0
1974,19,Afghanistan,0,0,1,1,602,201,197,204,0.0016611295681063123,0,0,0.004901960784313725
1978,1,Japan,70,58,49,177,625,201,198,226,0.2832,0.3482587064676617,0.29292929292929293,0.2168141592920354
1978,2,China,51,55,45,151,625,201,198,226,0.2416,0.2537313432835821,0.2777777777777778,0.19911504424778761
1978,3,South Korea,18,20,31,69,625,201,198,226,0.1104,0.08955223880597014,0.10101010101010101,0.13716814159292035
1978,4,North Korea,15,13,15,43,625,201,198,226,0.0688,0.07462686567164178,0.06565656565656566,0.06637168141592921
1978,5,Thailand,11,11,20,42,625,201,198,226,0.0672,0.05472636815920398,0.05555555555555555,0.08849557522123894
1978,6,India,11,11,6,28,625,201,198,226,0.0448,0.05472636815920398,0.05555555555555555,0.02654867256637168
1978,7,Indonesia,8,7,18,33,625,201,198,226,0.0528,0.03980099502487562,0.03535353535353535,0.07964601769911504
1978,8,Pakistan,4,4,9,17,625,201,198,226,0.0272,0.01990049751243781,0.020202020202020204,0.03982300884955752
1978,9,Philippines,4,4,6,14,625,201,198,226,0.0224,0.01990049751243781,0.020202020202020204,0.02654867256637168
1978,10,Iraq,2,4,6,12,625,201,198,226,0.0192,0.009950248756218905,0.020202020202020204,0.02654867256637168
1978,11,Singapore,2,1,4,7,625,201,198,226,0.0112,0.009950248756218905,0.005050505050505051,0.017699115044247787
1978,12,Malaysia,2,1,3,6,625,201,198,226,0.0096,0.009950248756218905,0.005050505050505051,0.01327433628318584
1978,13,Mongolia,1,3,5,9,625,201,198,226,0.0144,0.004975124378109453,0.015151515151515152,0.022123893805309734
1978,14,Lebanon,1,1,0,2,625,201,198,226,0.0032,0.004975124378109453,0.005050505050505051,0
1978,15,Syria,1,0,0,1,625,201,198,226,0.0016,0.004975124378109453,0,0
1978,16,Myanmar,0,3,3,6,625,201,198,226,0.0096,0,0.015151515151515152,0.01327433628318584
1978,17,Hong Kong,0,2,3,5,625,201,198,226,0.008,0,0.010101010101010102,0.01327433628318584
1978,18,Sri Lanka,0,0,2,2,625,201,198,226,0.0032,0,0,0.008849557522123894
1978,19,Kuwait,0,0,1,1,625,201,198,226,0.0016,0,0,0.004424778761061947
1982,1,China,61,51,41,153,614,199,200,215,0.249185667752443,0.3065326633165829,0.255,0.19069767441860466
1982,2,Japan,57,52,44,153,614,199,200,215,0.249185667752443,0.2864321608040201,0.26,0.20465116279069767
1982,3,South Korea,28,28,37,93,614,199,200,215,0.15146579804560262,0.1407035175879397,0.14,0.17209302325581396
1982,4,North Korea,17,19,20,56,614,199,200,215,0.09120521172638436,0.08542713567839195,0.095,0.09302325581395349
1982,5,India,13,19,25,57,614,199,200,215,0.09283387622149837,0.06532663316582915,0.095,0.11627906976744186
1982,6,Indonesia,4,4,7,15,614,199,200,215,0.024429967426710098,0.020100502512562814,0.02,0.03255813953488372
1982,7,Iran,4,4,4,12,614,199,200,215,0.019543973941368076,0.020100502512562814,0.02,0.018604651162790697
1982,8,Pakistan,3,3,5,11,614,199,200,215,0.017915309446254073,0.01507537688442211,0.015,0.023255813953488372
1982,9,Mongolia,3,3,1,7,614,199,200,215,0.011400651465798045,0.01507537688442211,0.015,0.004651162790697674
1982,10,Philippines,2,3,9,14,614,199,200,215,0.02280130293159609,0.010050251256281407,0.015,0.04186046511627907
1982,11,Iraq,2,3,4,9,614,199,200,215,0.014657980456026058,0.010050251256281407,0.015,0.018604651162790697
1982,12,Thailand,1,5,4,10,614,199,200,215,0.016286644951140065,0.005025125628140704,0.025,0.018604651162790697
1982,13,Kuwait,1,3,3,7,614,199,200,215,0.011400651465798045,0.005025125628140704,0.015,0.013953488372093023
1982,14,Syria,1,1,1,3,614,199,200,215,0.004885993485342019,0.005025125628140704,0.005,0.004651162790697674
1982,15,Malaysia,1,0,3,4,614,199,200,215,0.006514657980456026,0.005025125628140704,0,0.013953488372093023
1982,16,Singapore,1,0,2,3,614,199,200,215,0.004885993485342019,0.005025125628140704,0,0.009302325581395349
1982,17,Afghanistan,0,1,0,1,614,199,200,215,0.0016286644951140066,0,0.005,0
1982,NA,Lebanon,0,1,0,1,614,199,200,215,0.0016286644951140066,0,0.005,0
1982,19,Bahrain,0,0,1,1,614,199,200,215,0.0016286644951140066,0,0,0.004651162790697674
1982,NA,Hong Kong,0,0,1,1,614,199,200,215,0.0016286644951140066,0,0,0.004651162790697674
1982,NA,Qatar,0,0,1,1,614,199,200,215,0.0016286644951140066,0,0,0.004651162790697674
1982,NA,Saudi Arabia,0,0,1,1,614,199,200,215,0.0016286644951140066,0,0,0.004651162790697674
1982,NA,Vietnam,0,0,1,1,614,199,200,215,0.0016286644951140066,0,0,0.004651162790697674
1986,1,China,94,82,46,222,837,270,268,299,0.26523297491039427,0.34814814814814815,0.30597014925373134,0.15384615384615385
1986,2,South Korea,93,55,76,224,837,270,268,299,0.26762246117084826,0.34444444444444444,0.20522388059701493,0.25418060200668896
1986,3,Japan,58,76,77,211,837,270,268,299,0.2520908004778972,0.21481481481481482,0.2835820895522388,0.25752508361204013
1986,4,Iran,6,6,10,22,837,270,268,299,0.026284348864994027,0.022222222222222223,0.022388059701492536,0.033444816053511704
1986,5,India,5,9,23,37,837,270,268,299,0.04420549581839905,0.018518518518518517,0.033582089552238806,0.07692307692307693
1986,6,Philippines,4,5,9,18,837,270,268,299,0.021505376344086023,0.014814814814814815,0.018656716417910446,0.030100334448160536
1986,7,Thailand,3,10,13,26,837,270,268,299,0.03106332138590203,0.011111111111111112,0.03731343283582089,0.043478260869565216
1986,8,Pakistan,2,3,4,9,837,270,268,299,0.010752688172043012,0.007407407407407408,0.011194029850746268,0.013377926421404682
1986,9,Indonesia,1,5,4,10,837,270,268,299,0.011947431302270013,0.003703703703703704,0.018656716417910446,0.013377926421404682
1986,10,Hong Kong,1,1,3,5,837,270,268,299,0.005973715651135006,0.003703703703703704,0.0037313432835820895,0.010033444816053512
1986,11,Qatar,1,0,3,4,837,270,268,299,0.0047789725209080045,0.003703703703703704,0,0.010033444816053512
1986,12,Bahrain,1,0,1,2,837,270,268,299,0.0023894862604540022,0.003703703703703704,0,0.0033444816053511705
1986,NA,Lebanon,1,0,1,2,837,270,268,299,0.0023894862604540022,0.003703703703703704,0,0.0033444816053511705
1986,14,Malaysia,0,5,5,10,837,270,268,299,0.011947431302270013,0,0.018656716417910446,0.016722408026755852
1986,15,Iraq,0,5,2,7,837,270,268,299,0.008363201911589008,0,0.018656716417910446,0.006688963210702341
1986,16,Jordan,0,3,1,4,837,270,268,299,0.0047789725209080045,0,0.011194029850746268,0.0033444816053511705
1986,17,Kuwait,0,1,7,8,837,270,268,299,0.009557945041816009,0,0.0037313432835820895,0.023411371237458192
1986,18,Singapore,0,1,4,5,837,270,268,299,0.005973715651135006,0,0.0037313432835820895,0.013377926421404682
1986,19,Saudi Arabia,0,1,0,1,837,270,268,299,0.0011947431302270011,0,0.0037313432835820895,0
1986,20,Nepal,0,0,8,8,837,270,268,299,0.009557945041816009,0,0,0.026755852842809364
1986,21,Bangladesh,0,0,1,1,837,270,268,299,0.0011947431302270011,0,0,0.0033444816053511705
1986,NA,Oman,0,0,1,1,837,270,268,299,0.0011947431302270011,0,0,0.0033444816053511705
1990,1,China,183,107,51,341,983,313,312,358,0.34689725330620547,0.5846645367412141,0.34294871794871795,0.1424581005586592
1990,2,South Korea,54,54,73,181,983,313,312,358,0.18413021363173956,0.17252396166134185,0.17307692307692307,0.20391061452513967
1990,3,Japan,38,60,76,174,983,313,312,358,0.1770091556459817,0.12140575079872204,0.19230769230769232,0.2122905027932961
1990,4,North Korea,12,31,39,82,983,313,312,358,0.08341810783316378,0.038338658146964855,0.09935897435897435,0.10893854748603352
1990,5,Iran,4,6,8,18,983,313,312,358,0.018311291963377416,0.012779552715654952,0.019230769230769232,0.0223463687150838
1990,6,Philippines,4,5,9,18,983,313,312,358,0.018311291963377416,0.012779552715654952,0.016025641025641024,0.025139664804469275
1990,7,Pakistan,4,1,7,12,983,313,312,358,0.012207527975584944,0.012779552715654952,0.003205128205128205,0.019553072625698324
1990,8,Indonesia,3,6,21,30,983,313,312,358,0.030518819938962362,0.009584664536741214,0.019230769230769232,0.05865921787709497
1990,9,Qatar,3,2,1,6,983,313,312,358,0.006103763987792472,0.009584664536741214,0.00641025641025641,0.002793296089385475
1990,10,Thailand,2,7,8,17,983,313,312,358,0.017293997965412006,0.006389776357827476,0.022435897435897436,0.0223463687150838
1990,11,Malaysia,2,2,4,8,983,313,312,358,0.008138351983723296,0.006389776357827476,0.00641025641025641,0.0111731843575419
1990,12,India,1,8,14,23,983,313,312,358,0.023397761953204477,0.003194888178913738,0.02564102564102564,0.03910614525139665
1990,13,Mongolia,1,7,9,17,983,313,312,358,0.017293997965412006,0.003194888178913738,0.022435897435897436,0.025139664804469275
1990,14,Syria,1,0,2,3,983,313,312,358,0.003051881993896236,0.003194888178913738,0,0.00558659217877095
1990,15,Oman,1,0,0,1,983,313,312,358,0.001017293997965412,0.003194888178913738,0,0
1990,16,Chinese Taipei,0,10,21,31,983,313,312,358,0.03153611393692777,0,0.03205128205128205,0.05865921787709497
1990,17,Hong Kong,0,2,5,7,983,313,312,358,0.007121057985757884,0,0.00641025641025641,0.013966480446927373
1990,18,Sri Lanka,0,2,1,3,983,313,312,358,0.003051881993896236,0,0.00641025641025641,0.002793296089385475
1990,19,Singapore,0,1,4,5,983,313,312,358,0.00508646998982706,0,0.003205128205128205,0.0111731843575419
1990,20,Bangladesh,0,1,0,1,983,313,312,358,0.001017293997965412,0,0.003205128205128205,0
1990,21,Laos,0,0,1,1,983,313,312,358,0.001017293997965412,0,0,0.002793296089385475
1990,NA,Macau,0,0,1,1,983,313,312,358,0.001017293997965412,0,0,0.002793296089385475
1990,NA,Myanmar,0,0,1,1,983,313,312,358,0.001017293997965412,0,0,0.002793296089385475
1990,NA,Nepal,0,0,1,1,983,313,312,358,0.001017293997965412,0,0,0.002793296089385475
1990,NA,Saudi Arabia,0,0,1,1,983,313,312,358,0.001017293997965412,0,0,0.002793296089385475
1994,1,China,125,83,58,266,1081,335,335,411,0.24606845513413506,0.373134328358209,0.24776119402985075,0.1411192214111922
1994,2,Japan,64,75,79,218,1081,335,335,411,0.20166512488436633,0.191044776119403,0.22388059701492538,0.1922141119221411
1994,3,South Korea,63,56,64,183,1081,335,335,411,0.1692876965772433,0.1880597014925373,0.16716417910447762,0.15571776155717762
1994,4,Kazakhstan,25,26,26,77,1081,335,335,411,0.07123034227567067,0.07462686567164178,0.07761194029850746,0.06326034063260341
1994,5,Uzbekistan,10,11,19,40,1081,335,335,411,0.03700277520814061,0.029850746268656716,0.03283582089552239,0.046228710462287104
1994,6,Iran,9,9,8,26,1081,335,335,411,0.024051803885291396,0.026865671641791045,0.026865671641791045,0.019464720194647202
1994,7,Chinese Taipei,7,12,24,43,1081,335,335,411,0.039777983348751156,0.020895522388059702,0.03582089552238806,0.058394160583941604
1994,8,India,4,3,15,22,1081,335,335,411,0.020351526364477335,0.011940298507462687,0.008955223880597015,0.0364963503649635
1994,9,Malaysia,4,2,13,19,1081,335,335,411,0.01757631822386679,0.011940298507462687,0.005970149253731343,0.031630170316301706
1994,10,Qatar,4,1,15,20,1081,335,335,411,0.018501387604070305,0.011940298507462687,0.0029850746268656717,0.0364963503649635
1994,11,Indonesia,3,12,11,26,1081,335,335,411,0.024051803885291396,0.008955223880597015,0.03582089552238806,0.0267639902676399
1994,12,Thailand,3,9,13,25,1081,335,335,411,0.02312673450508788,0.008955223880597015,0.026865671641791045,0.031630170316301706
1994,13,Syria,3,3,1,7,1081,335,335,411,0.0064754856614246065,0.008955223880597015,0.008955223880597015,0.0024330900243309003
1994,14,Philippines,3,2,8,13,1081,335,335,411,0.012025901942645698,0.008955223880597015,0.005970149253731343,0.019464720194647202
1994,15,Kuwait,3,1,5,9,1081,335,335,411,0.008325624421831638,0.008955223880597015,0.0029850746268656717,0.012165450121654502
1994,16,Saudi Arabia,1,3,5,9,1081,335,335,411,0.008325624421831638,0.0029850746268656717,0.008955223880597015,0.012165450121654502
1994,17,Turkmenistan,1,3,3,7,1081,335,335,411,0.0064754856614246065,0.0029850746268656717,0.008955223880597015,0.0072992700729927005
1994,18,Mongolia,1,2,6,9,1081,335,335,411,0.008325624421831638,0.0029850746268656717,0.005970149253731343,0.014598540145985401
1994,19,Vietnam,1,2,0,3,1081,335,335,411,0.0027752081406105457,0.0029850746268656717,0.005970149253731343,0
1994,20,Singapore,1,1,5,7,1081,335,335,411,0.0064754856614246065,0.0029850746268656717,0.0029850746268656717,0.012165450121654502
1994,21,Hong Kong,0,5,7,12,1081,335,335,411,0.011100832562442183,0,0.014925373134328358,0.0170316301703163
1994,22,Pakistan,0,4,6,10,1081,335,335,411,0.009250693802035153,0,0.011940298507462687,0.014598540145985401
1994,23,Kyrgyzstan,0,4,5,9,1081,335,335,411,0.008325624421831638,0,0.011940298507462687,0.012165450121654502
1994,24,Jordan,0,2,2,4,1081,335,335,411,0.0037002775208140612,0,0.005970149253731343,0.004866180048661801
1994,25,United Arab Emirates,0,1,3,4,1081,335,335,411,0.0037002775208140612,0,0.0029850746268656717,0.0072992700729927005
1994,26,Macau,0,1,1,2,1081,335,335,411,0.0018501387604070306,0,0.0029850746268656717,0.0024330900243309003
1994,NA,Sri Lanka,0,1,1,2,1081,335,335,411,0.0018501387604070306,0,0.0029850746268656717,0.0024330900243309003
1994,28,Bangladesh,0,1,0,1,1081,335,335,411,9.250693802035153e-4,0,0.0029850746268656717,0
1994,29,Brunei,0,0,2,2,1081,335,335,411,0.0018501387604070306,0,0,0.004866180048661801
1994,NA,Myanmar,0,0,2,2,1081,335,335,411,0.0018501387604070306,0,0,0.004866180048661801
1994,NA,Nepal,0,0,2,2,1081,335,335,411,0.0018501387604070306,0,0,0.004866180048661801
1994,NA,Tajikistan,0,0,2,2,1081,335,335,411,0.0018501387604070306,0,0,0.004866180048661801
1998,1,China,129,78,67,274,1226,378,381,467,0.2234910277324633,0.3412698412698413,0.2047244094488189,0.14346895074946467
1998,2,South Korea,65,46,53,164,1226,378,381,467,0.13376835236541598,0.17195767195767195,0.12073490813648294,0.11349036402569593
1998,3,Japan,52,61,68,181,1226,378,381,467,0.14763458401305057,0.13756613756613756,0.16010498687664043,0.145610278372591
1998,4,Thailand,24,26,40,90,1226,378,381,467,0.0734094616639478,0.06349206349206349,0.06824146981627296,0.08565310492505353
1998,5,Kazakhstan,24,24,30,78,1226,378,381,467,0.0636215334420881,0.06349206349206349,0.06299212598425197,0.06423982869379015
1998,6,Chinese Taipei,19,17,41,77,1226,378,381,467,0.06280587275693311,0.05026455026455026,0.04461942257217848,0.08779443254817987
1998,7,Iran,10,11,13,34,1226,378,381,467,0.02773246329526917,0.026455026455026454,0.028871391076115485,0.027837259100642397
1998,8,North Korea,7,14,12,33,1226,378,381,467,0.026916802610114192,0.018518518518518517,0.03674540682414698,0.02569593147751606
1998,9,India,7,11,17,35,1226,378,381,467,0.028548123980424143,0.018518518518518517,0.028871391076115485,0.03640256959314775
1998,10,Uzbekistan,6,22,12,40,1226,378,381,467,0.03262642740619902,0.015873015873015872,0.05774278215223097,0.02569593147751606
1998,11,Indonesia,6,10,11,27,1226,378,381,467,0.02202283849918434,0.015873015873015872,0.026246719160104987,0.023554603854389723
1998,12,Malaysia,5,10,14,29,1226,378,381,467,0.02365415986949429,0.013227513227513227,0.026246719160104987,0.029978586723768737
1998,13,Hong Kong,5,6,6,17,1226,378,381,467,0.013866231647634585,0.013227513227513227,0.015748031496062992,0.01284796573875803
1998,14,Kuwait,4,6,4,14,1226,378,381,467,0.011419249592169658,0.010582010582010581,0.015748031496062992,0.008565310492505354
1998,15,Sri Lanka,3,0,3,6,1226,378,381,467,0.004893964110929853,0.007936507936507936,0,0.006423982869379015
1998,16,Pakistan,2,4,9,15,1226,378,381,467,0.012234910277324634,0.005291005291005291,0.010498687664041995,0.019271948608137045
1998,17,Singapore,2,3,9,14,1226,378,381,467,0.011419249592169658,0.005291005291005291,0.007874015748031496,0.019271948608137045
1998,18,Qatar,2,3,3,8,1226,378,381,467,0.0065252854812398045,0.005291005291005291,0.007874015748031496,0.006423982869379015
1998,19,Mongolia,2,2,10,14,1226,378,381,467,0.011419249592169658,0.005291005291005291,0.005249343832020997,0.021413276231263382
1998,20,Myanmar,1,6,4,11,1226,378,381,467,0.00897226753670473,0.0026455026455026454,0.015748031496062992,0.008565310492505354
1998,21,Philippines,1,5,12,18,1226,378,381,467,0.01468189233278956,0.0026455026455026454,0.013123359580052493,0.02569593147751606
1998,22,Vietnam,1,5,11,17,1226,378,381,467,0.013866231647634585,0.0026455026455026454,0.013123359580052493,0.023554603854389723
1998,23,Turkmenistan,1,0,1,2,1226,378,381,467,0.0016313213703099511,0.0026455026455026454,0,0.0021413276231263384
1998,24,Kyrgyzstan,0,3,3,6,1226,378,381,467,0.004893964110929853,0,0.007874015748031496,0.006423982869379015
1998,25,Jordan,0,3,2,5,1226,378,381,467,0.004078303425774877,0,0.007874015748031496,0.004282655246252677
1998,26,Syria,0,2,4,6,1226,378,381,467,0.004893964110929853,0,0.005249343832020997,0.008565310492505354
1998,27,Nepal,0,1,3,4,1226,378,381,467,0.0032626427406199023,0,0.0026246719160104987,0.006423982869379015
1998,28,United Arab Emirates,0,1,1,2,1226,378,381,467,0.0016313213703099511,0,0.0026246719160104987,0.0021413276231263384
1998,29,Macau,0,1,0,1,1226,378,381,467,8.156606851549756e-4,0,0.0026246719160104987,0
1998,30,Bangladesh,0,0,1,1,1226,378,381,467,8.156606851549756e-4,0,0,0.0021413276231263384
1998,NA,Brunei,0,0,1,1,1226,378,381,467,8.156606851549756e-4,0,0,0.0021413276231263384
1998,NA,Laos,0,0,1,1,1226,378,381,467,8.156606851549756e-4,0,0,0.0021413276231263384
1998,NA,Oman,0,0,1,1,1226,378,381,467,8.156606851549756e-4,0,0,0.0021413276231263384
2002,1,China,150,84,74,308,1350,427,421,502,0.22814814814814816,0.351288056206089,0.1995249406175772,0.14741035856573706
2002,2,South Korea,96,80,84,260,1350,427,421,502,0.1925925925925926,0.22482435597189696,0.19002375296912113,0.16733067729083664
2002,3,Japan,44,74,72,190,1350,427,421,502,0.14074074074074075,0.10304449648711944,0.17577197149643706,0.14342629482071714
2002,4,Kazakhstan,20,26,30,76,1350,427,421,502,0.056296296296296296,0.0468384074941452,0.06175771971496437,0.05976095617529881
2002,5,Uzbekistan,15,12,24,51,1350,427,421,502,0.03777777777777778,0.0351288056206089,0.028503562945368172,0.04780876494023904
2002,6,Thailand,14,19,10,43,1350,427,421,502,0.03185185185185185,0.03278688524590164,0.04513064133016627,0.0199203187250996
2002,7,Chinese Taipei,10,17,25,52,1350,427,421,502,0.03851851851851852,0.0234192037470726,0.040380047505938245,0.049800796812749
2002,8,India,10,12,13,35,1350,427,421,502,0.025925925925925925,0.0234192037470726,0.028503562945368172,0.025896414342629483
2002,9,North Korea,9,11,13,33,1350,427,421,502,0.024444444444444446,0.02107728337236534,0.026128266033254157,0.025896414342629483
2002,10,Iran,8,14,14,36,1350,427,421,502,0.02666666666666667,0.01873536299765808,0.0332541567695962,0.027888446215139442
2002,11,Saudi Arabia,7,1,1,9,1350,427,421,502,0.006666666666666667,0.01639344262295082,0.0023752969121140144,0.00199203187250996
2002,12,Malaysia,6,8,16,30,1350,427,421,502,0.022222222222222223,0.01405152224824356,0.019002375296912115,0.03187250996015936
2002,13,Singapore,5,2,10,17,1350,427,421,502,0.012592592592592593,0.0117096018735363,0.004750593824228029,0.0199203187250996
2002,14,Indonesia,4,7,12,23,1350,427,421,502,0.017037037037037038,0.00936768149882904,0.0166270783847981,0.02390438247011952
2002,15,Vietnam,4,7,7,18,1350,427,421,502,0.013333333333333334,0.00936768149882904,0.0166270783847981,0.013944223107569721
2002,16,Hong Kong,4,6,11,21,1350,427,421,502,0.015555555555555555,0.00936768149882904,0.014251781472684086,0.021912350597609563
2002,17,Qatar,4,5,8,17,1350,427,421,502,0.012592592592592593,0.00936768149882904,0.011876484560570071,0.01593625498007968
2002,18,Philippines,3,7,16,26,1350,427,421,502,0.01925925925925926,0.00702576112412178,0.0166270783847981,0.03187250996015936
2002,19,Bahrain,3,2,2,7,1350,427,421,502,0.005185185185185185,0.00702576112412178,0.004750593824228029,0.00398406374501992
2002,20,Kyrgyzstan,2,4,6,12,1350,427,421,502,0.008888888888888889,0.00468384074941452,0.009501187648456057,0.01195219123505976
2002,21,Kuwait,2,1,5,8,1350,427,421,502,0.005925925925925926,0.00468384074941452,0.0023752969121140144,0.0099601593625498
2002,22,Sri Lanka,2,1,3,6,1350,427,421,502,0.0044444444444444444,0.00468384074941452,0.0023752969121140144,0.00597609561752988
2002,23,Pakistan,1,6,6,13,1350,427,421,502,0.00962962962962963,0.00234192037470726,0.014251781472684086,0.01195219123505976
2002,24,Myanmar,1,5,6,12,1350,427,421,502,0.008888888888888889,0.00234192037470726,0.011876484560570071,0.01195219123505976
2002,25,Turkmenistan,1,2,1,4,1350,427,421,502,0.002962962962962963,0.00234192037470726,0.004750593824228029,0.00199203187250996
2002,26,Mongolia,1,1,12,14,1350,427,421,502,0.01037037037037037,0.00234192037470726,0.0023752969121140144,0.02390438247011952
2002,27,Lebanon,1,0,0,1,1350,427,421,502,7.407407407407407e-4,0.00234192037470726,0,0
2002,28,Tajikistan,0,2,4,6,1350,427,421,502,0.0044444444444444444,0,0.004750593824228029,0.00796812749003984
2002,29,Macau,0,2,2,4,1350,427,421,502,0.002962962962962963,0,0.004750593824228029,0.00398406374501992
2002,30,United Arab Emirates,0,2,1,3,1350,427,421,502,0.0022222222222222222,0,0.004750593824228029,0.00199203187250996
2002,31,Bangladesh,0,1,0,1,1350,427,421,502,7.407407407407407e-4,0,0.0023752969121140144,0
2002,32,Nepal,0,0,3,3,1350,427,421,502,0.0022222222222222222,0,0,0.00597609561752988
2002,NA,Syria,0,0,3,3,1350,427,421,502,0.0022222222222222222,0,0,0.00597609561752988
2002,34,Jordan,0,0,2,2,1350,427,421,502,0.0014814814814814814,0,0,0.00398406374501992
2002,NA,Laos,0,0,2,2,1350,427,421,502,0.0014814814814814814,0,0,0.00398406374501992
2002,36,Afghanistan,0,0,1,1,1350,427,421,502,7.407407407407407e-4,0,0,0.00199203187250996
2002,NA,Brunei,0,0,1,1,1350,427,421,502,7.407407407407407e-4,0,0,0.00199203187250996
2002,NA,Palestine,0,0,1,1,1350,427,421,502,7.407407407407407e-4,0,0,0.00199203187250996
2002,NA,Yemen,0,0,1,1,1350,427,421,502,7.407407407407407e-4,0,0,0.00199203187250996
2006,1,China,166,87,63,316,1393,428,423,542,0.22684852835606603,0.3878504672897196,0.20567375886524822,0.11623616236162361
2006,2,South Korea,58,53,82,193,1393,428,423,542,0.13854989231873654,0.13551401869158877,0.12529550827423167,0.15129151291512916
2006,3,Japan,50,71,79,200,1393,428,423,542,0.14357501794687724,0.11682242990654206,0.16784869976359337,0.14575645756457564
2006,4,Kazakhstan,23,20,42,85,1393,428,423,542,0.061019382627422826,0.053738317757009345,0.04728132387706856,0.07749077490774908
2006,5,Thailand,13,15,26,54,1393,428,423,542,0.038765254845656856,0.030373831775700934,0.03546099290780142,0.04797047970479705
2006,6,Iran,11,15,22,48,1393,428,423,542,0.03445800430725054,0.02570093457943925,0.03546099290780142,0.04059040590405904
2006,7,India,10,18,26,54,1393,428,423,542,0.038765254845656856,0.02336448598130841,0.0425531914893617,0.04797047970479705
2006,8,Uzbekistan,10,14,14,38,1393,428,423,542,0.027279253409906678,0.02336448598130841,0.03309692671394799,0.025830258302583026
2006,9,Qatar,9,12,11,32,1393,428,423,542,0.02297200287150036,0.02102803738317757,0.028368794326241134,0.02029520295202952
2006,10,Chinese Taipei,9,10,27,46,1393,428,423,542,0.033022254127781765,0.02102803738317757,0.02364066193853428,0.04981549815498155
2006,11,Malaysia,8,17,17,42,1393,428,423,542,0.03015075376884422,0.018691588785046728,0.04018912529550828,0.03136531365313653
2006,12,Singapore,8,7,12,27,1393,428,423,542,0.019382627422828428,0.018691588785046728,0.016548463356973995,0.02214022140221402
2006,13,Saudi Arabia,8,0,6,14,1393,428,423,542,0.010050251256281407,0.018691588785046728,0,0.01107011070110701
2006,14,Bahrain,7,9,4,20,1393,428,423,542,0.014357501794687724,0.016355140186915886,0.02127659574468085,0.007380073800738007
2006,15,Hong Kong,6,12,10,28,1393,428,423,542,0.020100502512562814,0.014018691588785047,0.028368794326241134,0.01845018450184502
2006,16,North Korea,6,9,16,31,1393,428,423,542,0.022254127781765973,0.014018691588785047,0.02127659574468085,0.02952029520295203
2006,17,Kuwait,6,5,2,13,1393,428,423,542,0.00933237616654702,0.014018691588785047,0.01182033096926714,0.0036900369003690036
2006,18,Philippines,4,6,9,19,1393,428,423,542,0.013639626704953339,0.009345794392523364,0.014184397163120567,0.016605166051660517
2006,19,Vietnam,3,13,7,23,1393,428,423,542,0.016511127063890883,0.007009345794392523,0.030732860520094562,0.012915129151291513
2006,20,United Arab Emirates,3,4,3,10,1393,428,423,542,0.007178750897343862,0.007009345794392523,0.009456264775413711,0.005535055350553505
2006,21,Mongolia,2,5,8,15,1393,428,423,542,0.010768126346015794,0.004672897196261682,0.01182033096926714,0.014760147601476014
2006,22,Indonesia,2,4,14,20,1393,428,423,542,0.014357501794687724,0.004672897196261682,0.009456264775413711,0.025830258302583026
2006,23,Syria,2,1,3,6,1393,428,423,542,0.004307250538406317,0.004672897196261682,0.002364066193853428,0.005535055350553505
2006,24,Tajikistan,2,0,2,4,1393,428,423,542,0.002871500358937545,0.004672897196261682,0,0.0036900369003690036
2006,25,Jordan,1,3,4,8,1393,428,423,542,0.00574300071787509,0.002336448598130841,0.0070921985815602835,0.007380073800738007
2006,26,Lebanon,1,0,2,3,1393,428,423,542,0.0021536252692031586,0.002336448598130841,0,0.0036900369003690036
2006,27,Myanmar,0,4,7,11,1393,428,423,542,0.007896625987078248,0,0.009456264775413711,0.012915129151291513
2006,28,Kyrgyzstan,0,2,6,8,1393,428,423,542,0.00574300071787509,0,0.004728132387706856,0.01107011070110701
2006,29,Iraq,0,2,1,3,1393,428,423,542,0.0021536252692031586,0,0.004728132387706856,0.0018450184501845018
2006,30,Macau,0,1,6,7,1393,428,423,542,0.005025125628140704,0,0.002364066193853428,0.01107011070110701
2006,31,Pakistan,0,1,3,4,1393,428,423,542,0.002871500358937545,0,0.002364066193853428,0.005535055350553505
2006,32,Sri Lanka,0,1,2,3,1393,428,423,542,0.0021536252692031586,0,0.002364066193853428,0.0036900369003690036
2006,33,Laos,0,1,0,1,1393,428,423,542,7.178750897343862e-4,0,0.002364066193853428,0
2006,NA,Turkmenistan,0,1,0,1,1393,428,423,542,7.178750897343862e-4,0,0.002364066193853428,0
2006,35,Nepal,0,0,3,3,1393,428,423,542,0.0021536252692031586,0,0,0.005535055350553505
2006,36,Afghanistan,0,0,1,1,1393,428,423,542,7.178750897343862e-4,0,0,0.0018450184501845018
2006,NA,Bangladesh,0,0,1,1,1393,428,423,542,7.178750897343862e-4,0,0,0.0018450184501845018
2006,NA,Yemen,0,0,1,1,1393,428,423,542,7.178750897343862e-4,0,0,0.0018450184501845018
2010,1,China,199,119,98,416,1577,477,479,621,0.2637920101458465,0.4171907756813417,0.24843423799582465,0.15780998389694043
2010,2,South Korea,76,65,91,232,1577,477,479,621,0.1471147748890298,0.15932914046121593,0.13569937369519833,0.14653784219001612
2010,3,Japan,48,74,94,216,1577,477,479,621,0.13696892834495877,0.10062893081761007,0.1544885177453027,0.15136876006441224
2010,4,Iran,20,15,24,59,1577,477,479,621,0.03741280913126189,0.041928721174004195,0.031315240083507306,0.03864734299516908
2010,5,Kazakhstan,18,23,38,79,1577,477,479,621,0.05009511731135067,0.03773584905660377,0.04801670146137787,0.061191626409017714
2010,6,India,14,17,34,65,1577,477,479,621,0.04121750158528852,0.029350104821802937,0.03549060542797495,0.05475040257648953
2010,7,Chinese Taipei,13,16,38,67,1577,477,479,621,0.0424857324032974,0.027253668763102725,0.033402922755741124,0.061191626409017714
2010,8,Uzbekistan,11,22,23,56,1577,477,479,621,0.03551046290424857,0.023060796645702306,0.04592901878914405,0.037037037037037035
2010,9,Thailand,11,9,32,52,1577,477,479,621,0.032974001268230815,0.023060796645702306,0.018789144050104383,0.05152979066022544
2010,10,Malaysia,9,18,14,41,1577,477,479,621,0.02599873176918199,0.018867924528301886,0.037578288100208766,0.02254428341384863
2010,11,Hong Kong,8,15,17,40,1577,477,479,621,0.025364616360177554,0.016771488469601678,0.031315240083507306,0.027375201288244767
2010,12,North Korea,6,10,20,36,1577,477,479,621,0.022828154724159798,0.012578616352201259,0.020876826722338204,0.0322061191626409
2010,13,Saudi Arabia,5,3,5,13,1577,477,479,621,0.008243500317057704,0.010482180293501049,0.006263048016701462,0.008051529790660225
2010,14,Bahrain,5,0,4,9,1577,477,479,621,0.0057070386810399495,0.010482180293501049,0,0.00644122383252818
2010,15,Indonesia,4,9,13,26,1577,477,479,621,0.016487000634115408,0.008385744234800839,0.018789144050104383,0.020933977455716585
2010,16,Singapore,4,7,6,17,1577,477,479,621,0.01077996195307546,0.008385744234800839,0.014613778705636743,0.00966183574879227
2010,17,Kuwait,4,6,1,11,1577,477,479,621,0.006975269499048827,0.008385744234800839,0.012526096033402923,0.001610305958132045
2010,18,Qatar,4,4,7,15,1577,477,479,621,0.009511731135066582,0.008385744234800839,0.008350730688935281,0.011272141706924315
2010,19,Philippines,3,4,9,16,1577,477,479,621,0.010145846544071021,0.006289308176100629,0.008350730688935281,0.014492753623188406
2010,20,Pakistan,3,2,3,8,1577,477,479,621,0.0050729232720355105,0.006289308176100629,0.0041753653444676405,0.004830917874396135
2010,21,Mongolia,2,5,9,16,1577,477,479,621,0.010145846544071021,0.0041928721174004195,0.010438413361169102,0.014492753623188406
2010,22,Myanmar,2,5,3,10,1577,477,479,621,0.0063411540900443885,0.0041928721174004195,0.010438413361169102,0.004830917874396135
2010,23,Jordan,2,2,2,6,1577,477,479,621,0.003804692454026633,0.0041928721174004195,0.0041753653444676405,0.00322061191626409
2010,24,Vietnam,1,17,15,33,1577,477,479,621,0.02092580849714648,0.0020964360587002098,0.03549060542797495,0.024154589371980676
2010,25,Kyrgyzstan,1,2,2,5,1577,477,479,621,0.0031705770450221942,0.0020964360587002098,0.0041753653444676405,0.00322061191626409
2010,26,Macau,1,1,4,6,1577,477,479,621,0.003804692454026633,0.0020964360587002098,0.0020876826722338203,0.00644122383252818
2010,27,Bangladesh,1,1,1,3,1577,477,479,621,0.0019023462270133164,0.0020964360587002098,0.0020876826722338203,0.001610305958132045
2010,28,Tajikistan,1,0,3,4,1577,477,479,621,0.0025364616360177552,0.0020964360587002098,0,0.004830917874396135
2010,29,Syria,1,0,1,2,1577,477,479,621,0.0012682308180088776,0.0020964360587002098,0,0.001610305958132045
2010,30,United Arab Emirates,0,4,1,5,1577,477,479,621,0.0031705770450221942,0,0.008350730688935281,0.001610305958132045
2010,31,Afghanistan,0,2,1,3,1577,477,479,621,0.0019023462270133164,0,0.0041753653444676405,0.001610305958132045
2010,32,Iraq,0,1,2,3,1577,477,479,621,0.0019023462270133164,0,0.0020876826722338203,0.00322061191626409
2010,NA,Lebanon,0,1,2,3,1577,477,479,621,0.0019023462270133164,0,0.0020876826722338203,0.00322061191626409
2010,34,Laos,0,0,2,2,1577,477,479,621,0.0012682308180088776,0,0,0.00322061191626409
2010,35,Nepal,0,0,1,1,1577,477,479,621,6.341154090044388e-4,0,0,0.001610305958132045
2010,NA,Oman,0,0,1,1,1577,477,479,621,6.341154090044388e-4,0,0,0.001610305958132045
2014,1,China,151,108,83,342,1455,440,439,576,0.23505154639175257,0.3431818181818182,0.2460136674259681,0.1440972222222222
2014,2,South Korea,79,71,84,234,1455,440,439,576,0.16082474226804125,0.17954545454545454,0.16173120728929385,0.14583333333333334
2014,3,Japan,47,76,77,200,1455,440,439,576,0.13745704467353953,0.10681818181818181,0.17312072892938496,0.13368055555555555
2014,4,Kazakhstan,28,23,33,84,1455,440,439,576,0.0577319587628866,0.06363636363636363,0.05239179954441914,0.057291666666666664
2014,5,Iran,21,18,18,57,1455,440,439,576,0.03917525773195876,0.04772727272727273,0.04100227790432802,0.03125
2014,6,Thailand,12,7,28,47,1455,440,439,576,0.03230240549828179,0.02727272727272727,0.015945330296127564,0.04861111111111111
2014,7,North Korea,11,11,14,36,1455,440,439,576,0.024742268041237112,0.025,0.025056947608200455,0.024305555555555556
2014,8,India,11,10,36,57,1455,440,439,576,0.03917525773195876,0.025,0.022779043280182234,0.0625
2014,9,Chinese Taipei,10,18,23,51,1455,440,439,576,0.03505154639175258,0.022727272727272728,0.04100227790432802,0.03993055555555555
2014,10,Qatar,10,0,4,14,1455,440,439,576,0.009621993127147767,0.022727272727272728,0,0.006944444444444444
2014,11,Uzbekistan,9,14,21,44,1455,440,439,576,0.030240549828178694,0.020454545454545454,0.03189066059225513,0.036458333333333336
2014,12,Bahrain,9,6,4,19,1455,440,439,576,0.013058419243986255,0.020454545454545454,0.01366742596810934,0.006944444444444444
2014,13,Hong Kong,6,12,24,42,1455,440,439,576,0.0288659793814433,0.013636363636363636,0.02733485193621868,0.041666666666666664
2014,14,Malaysia,5,14,14,33,1455,440,439,576,0.02268041237113402,0.011363636363636364,0.03189066059225513,0.024305555555555556
2014,15,Singapore,5,6,13,24,1455,440,439,576,0.016494845360824743,0.011363636363636364,0.01366742596810934,0.022569444444444444
2014,16,Mongolia,5,4,12,21,1455,440,439,576,0.01443298969072165,0.011363636363636364,0.009111617312072893,0.020833333333333332
2014,17,Indonesia,4,5,11,20,1455,440,439,576,0.013745704467353952,0.00909090909090909,0.011389521640091117,0.019097222222222224
2014,18,Kuwait,3,5,4,12,1455,440,439,576,0.008247422680412371,0.006818181818181818,0.011389521640091117,0.006944444444444444
2014,19,Saudi Arabia,3,3,1,7,1455,440,439,576,0.004810996563573883,0.006818181818181818,0.00683371298405467,0.001736111111111111
2014,20,Philippines,2,3,11,16,1455,440,439,576,0.010996563573883162,0.004545454545454545,0.00683371298405467,0.019097222222222224
2014,21,Myanmar,2,1,1,4,1455,440,439,576,0.0027491408934707906,0.004545454545454545,0.002277904328018223,0.001736111111111111
2014,22,Vietnam,1,10,25,36,1455,440,439,576,0.024742268041237112,0.0022727272727272726,0.022779043280182234,0.043402777777777776
2014,23,Pakistan,1,1,3,5,1455,440,439,576,0.003436426116838488,0.0022727272727272726,0.002277904328018223,0.005208333333333333
2014,NA,Tajikistan,1,1,3,5,1455,440,439,576,0.003436426116838488,0.0022727272727272726,0.002277904328018223,0.005208333333333333
2014,25,Iraq,1,0,3,4,1455,440,439,576,0.0027491408934707906,0.0022727272727272726,0,0.005208333333333333
2014,NA,United Arab Emirates,1,0,3,4,1455,440,439,576,0.0027491408934707906,0.0022727272727272726,0,0.005208333333333333
2014,27,Sri Lanka,1,0,1,2,1455,440,439,576,0.0013745704467353953,0.0022727272727272726,0,0.001736111111111111
2014,28,Cambodia,1,0,0,1,1455,440,439,576,6.872852233676976e-4,0.0022727272727272726,0,0
2014,29,Macau,0,3,4,7,1455,440,439,576,0.004810996563573883,0,0.00683371298405467,0.006944444444444444
2014,30,Kyrgyzstan,0,2,4,6,1455,440,439,576,0.004123711340206186,0,0.004555808656036446,0.006944444444444444
2014,31,Jordan,0,2,2,4,1455,440,439,576,0.0027491408934707906,0,0.004555808656036446,0.003472222222222222
2014,32,Turkmenistan,0,1,5,6,1455,440,439,576,0.004123711340206186,0,0.002277904328018223,0.008680555555555556
2014,33,Bangladesh,0,1,2,3,1455,440,439,576,0.002061855670103093,0,0.002277904328018223,0.003472222222222222
2014,NA,Laos,0,1,2,3,1455,440,439,576,0.002061855670103093,0,0.002277904328018223,0.003472222222222222
2014,35,Afghanistan,0,1,1,2,1455,440,439,576,0.0013745704467353953,0,0.002277904328018223,0.001736111111111111
2014,NA,Lebanon,0,1,1,2,1455,440,439,576,0.0013745704467353953,0,0.002277904328018223,0.001736111111111111
2014,37,Nepal,0,0,1,1,1455,440,439,576,6.872852233676976e-4,0,0,0.001736111111111111
2018,1,China,132,92,65,289,1552,465,465,622,0.18621134020618557,0.2838709677419355,0.1978494623655914,0.1045016077170418
2018,2,Japan,75,56,74,205,1552,465,465,622,0.13208762886597938,0.16129032258064516,0.12043010752688173,0.1189710610932476
2018,3,South Korea,49,58,70,177,1552,465,465,622,0.11404639175257732,0.1053763440860215,0.12473118279569892,0.11254019292604502
2018,4,Indonesia,31,24,43,98,1552,465,465,622,0.06314432989690721,0.06666666666666667,0.05161290322580645,0.06913183279742766
2018,5,Uzbekistan,21,24,25,70,1552,465,465,622,0.045103092783505154,0.04516129032258064,0.05161290322580645,0.04019292604501608
2018,6,Iran,20,20,22,62,1552,465,465,622,0.03994845360824742,0.043010752688172046,0.043010752688172046,0.03536977491961415
2018,7,Chinese Taipei,17,19,31,67,1552,465,465,622,0.043170103092783504,0.03655913978494624,0.04086021505376344,0.04983922829581994
2018,8,India,15,24,30,69,1552,465,465,622,0.04445876288659794,0.03225806451612903,0.05161290322580645,0.04823151125401929
2018,9,Kazakhstan,15,17,44,76,1552,465,465,622,0.04896907216494845,0.03225806451612903,0.03655913978494624,0.0707395498392283
2018,10,North Korea,12,12,13,37,1552,465,465,622,0.02384020618556701,0.025806451612903226,0.025806451612903226,0.02090032154340836
2018,11,Bahrain,12,7,7,26,1552,465,465,622,0.01675257731958763,0.025806451612903226,0.015053763440860216,0.011254019292604502
2018,12,Thailand,11,16,46,73,1552,465,465,622,0.047036082474226804,0.023655913978494623,0.034408602150537634,0.07395498392282958
2018,13,Hong Kong,8,18,20,46,1552,465,465,622,0.029639175257731958,0.017204301075268817,0.03870967741935484,0.03215434083601286
2018,14,Malaysia,7,13,16,36,1552,465,465,622,0.023195876288659795,0.015053763440860216,0.02795698924731183,0.02572347266881029
2018,15,Qatar,6,4,3,13,1552,465,465,622,0.008376288659793814,0.012903225806451613,0.008602150537634409,0.00482315112540193
2018,16,Mongolia,5,9,11,25,1552,465,465,622,0.01610824742268041,0.010752688172043012,0.01935483870967742,0.017684887459807074
2018,17,Vietnam,4,16,18,38,1552,465,465,622,0.024484536082474227,0.008602150537634409,0.034408602150537634,0.028938906752411574
2018,18,Singapore,4,4,14,22,1552,465,465,622,0.014175257731958763,0.008602150537634409,0.008602150537634409,0.022508038585209004
2018,19,Philippines,4,2,15,21,1552,465,465,622,0.013530927835051547,0.008602150537634409,0.004301075268817204,0.024115755627009645
2018,20,United Arab Emirates,3,6,5,14,1552,465,465,622,0.00902061855670103,0.0064516129032258064,0.012903225806451613,0.008038585209003215
2018,21,Kuwait,3,1,2,6,1552,465,465,622,0.003865979381443299,0.0064516129032258064,0.002150537634408602,0.003215434083601286
2018,22,Kyrgyzstan,2,6,12,20,1552,465,465,622,0.01288659793814433,0.004301075268817204,0.012903225806451613,0.01929260450160772
2018,23,Jordan,2,1,9,12,1552,465,465,622,0.007731958762886598,0.004301075268817204,0.002150537634408602,0.014469453376205787
2018,24,Cambodia,2,0,1,3,1552,465,465,622,0.0019329896907216496,0.004301075268817204,0,0.001607717041800643
2018,25,Saudi Arabia,1,2,3,6,1552,465,465,622,0.003865979381443299,0.002150537634408602,0.004301075268817204,0.00482315112540193
2018,26,Macau,1,2,2,5,1552,465,465,622,0.0032216494845360823,0.002150537634408602,0.004301075268817204,0.003215434083601286
2018,27,Iraq,1,2,0,3,1552,465,465,622,0.0019329896907216496,0.002150537634408602,0.004301075268817204,0
2018,28,Korea Unification,1,1,2,4,1552,465,465,622,0.002577319587628866,0.002150537634408602,0.002150537634408602,0.003215434083601286
2018,NA,Lebanon,1,1,2,4,1552,465,465,622,0.002577319587628866,0.002150537634408602,0.002150537634408602,0.003215434083601286
2018,30,Tajikistan,0,4,3,7,1552,465,465,622,0.004510309278350515,0,0.008602150537634409,0.00482315112540193
2018,31,Laos,0,2,3,5,1552,465,465,622,0.0032216494845360823,0,0.004301075268817204,0.00482315112540193
2018,32,Turkmenistan,0,1,2,3,1552,465,465,622,0.0019329896907216496,0,0.002150537634408602,0.003215434083601286
2018,33,Nepal,0,1,0,1,1552,465,465,622,6.443298969072165e-4,0,0.002150537634408602,0
2018,34,Pakistan,0,0,4,4,1552,465,465,622,0.002577319587628866,0,0,0.006430868167202572
2018,35,Afghanistan,0,0,2,2,1552,465,465,622,0.001288659793814433,0,0,0.003215434083601286
2018,NA,Myanmar,0,0,2,2,1552,465,465,622,0.001288659793814433,0,0,0.003215434083601286
2018,37,Syria,0,0,1,1,1552,465,465,622,6.443298969072165e-4,0,0,0.001607717041800643
NA,1,China,201,111,71,383,1593,482,480,631,0.24042686754551162,0.4170124481327801,0.23125,0.11251980982567353
NA,2,Japan,52,67,69,188,1593,482,480,631,0.11801632140615191,0.1078838174273859,0.13958333333333334,0.10935023771790808
NA,3,South Korea,42,59,89,190,1593,482,480,631,0.11927181418706842,0.08713692946058091,0.12291666666666666,0.1410459587955626
NA,4,India,28,38,41,107,1593,482,480,631,0.06716886377903326,0.058091286307053944,0.07916666666666666,0.06497622820919176
NA,5,Uzbekistan,22,18,31,71,1593,482,480,631,0.044569993722536096,0.04564315352697095,0.0375,0.0491283676703645
NA,6,Chinese Taipei,19,20,28,67,1593,482,480,631,0.04205900816070308,0.03941908713692946,0.041666666666666664,0.044374009508716325
NA,7,Iran,13,21,20,54,1593,482,480,631,0.03389830508474576,0.026970954356846474,0.04375,0.03169572107765452
NA,8,Thailand,12,14,32,58,1593,482,480,631,0.03640929064657878,0.024896265560165973,0.029166666666666667,0.05071315372424723
NA,9,Bahrain,12,3,5,20,1593,482,480,631,0.012554927809165096,0.024896265560165973,0.00625,0.00792393026941363
NA,10,North Korea,11,18,10,39,1593,482,480,631,0.02448210922787194,0.022821576763485476,0.0375,0.01584786053882726
NA,11,Kazakhstan,10,22,48,80,1593,482,480,631,0.050219711236660386,0.02074688796680498,0.04583333333333333,0.07606973058637084
NA,12,Hong Kong,8,16,29,53,1593,482,480,631,0.03327055869428751,0.016597510373443983,0.03333333333333333,0.04595879556259905
NA,13,Indonesia,7,11,18,36,1593,482,480,631,0.022598870056497175,0.014522821576763486,0.022916666666666665,0.028526148969889066
NA,14,Malaysia,6,8,18,32,1593,482,480,631,0.020087884494664157,0.012448132780082987,0.016666666666666666,0.028526148969889066
NA,15,Qatar,5,6,3,14,1593,482,480,631,0.008788449466415568,0.01037344398340249,0.0125,0.004754358161648178
NA,16,United Arab Emirates,5,5,10,20,1593,482,480,631,0.012554927809165096,0.01037344398340249,0.010416666666666666,0.01584786053882726
NA,17,Philippines,4,2,12,18,1593,482,480,631,0.011299435028248588,0.008298755186721992,0.004166666666666667,0.01901743264659271
NA,18,Kyrgyzstan,4,2,9,15,1593,482,480,631,0.009416195856873822,0.008298755186721992,0.004166666666666667,0.014263074484944533
NA,19,Saudi Arabia,4,2,4,10,1593,482,480,631,0.006277463904582548,0.008298755186721992,0.004166666666666667,0.006339144215530904
NA,20,Singapore,3,6,7,16,1593,482,480,631,0.010043942247332079,0.006224066390041493,0.0125,0.011093502377179081
NA,21,Vietnam,3,5,19,27,1593,482,480,631,0.01694915254237288,0.006224066390041493,0.010416666666666666,0.030110935023771792
NA,22,Mongolia,3,5,13,21,1593,482,480,631,0.013182674199623353,0.006224066390041493,0.010416666666666666,0.020602218700475437
NA,23,Kuwait,3,4,4,11,1593,482,480,631,0.006905210295040804,0.006224066390041493,0.008333333333333333,0.006339144215530904
NA,24,Tajikistan,2,1,4,7,1593,482,480,631,0.004394224733207784,0.004149377593360996,0.0020833333333333333,0.006339144215530904
NA,25,Macau,1,3,2,6,1593,482,480,631,0.003766478342749529,0.002074688796680498,0.00625,0.003169572107765452
NA,26,Sri Lanka,1,2,2,5,1593,482,480,631,0.003138731952291274,0.002074688796680498,0.004166666666666667,0.003169572107765452
NA,27,Myanmar,1,0,2,3,1593,482,480,631,0.0018832391713747645,0.002074688796680498,0,0.003169572107765452
NA,28,Jordan,0,5,4,9,1593,482,480,631,0.005649717514124294,0,0.010416666666666666,0.006339144215530904
NA,29,Turkmenistan,0,1,6,7,1593,482,480,631,0.004394224733207784,0,0.0020833333333333333,0.009508716323296355
NA,30,Afghanistan,0,1,4,5,1593,482,480,631,0.003138731952291274,0,0.0020833333333333333,0.006339144215530904
NA,31,Pakistan,0,1,2,3,1593,482,480,631,0.0018832391713747645,0,0.0020833333333333333,0.003169572107765452
NA,32,Brunei,0,1,1,2,1593,482,480,631,0.0012554927809165098,0,0.0020833333333333333,0.001584786053882726
NA,32,Nepal,0,1,1,2,1593,482,480,631,0.0012554927809165098,0,0.0020833333333333333,0.001584786053882726
NA,32,Oman,0,1,1,2,1593,482,480,631,0.0012554927809165098,0,0.0020833333333333333,0.001584786053882726
NA,35,Iraq,0,0,3,3,1593,482,480,631,0.0018832391713747645,0,0,0.004754358161648178
NA,35,Laos,0,0,3,3,1593,482,480,631,0.0018832391713747645,0,0,0.004754358161648178
NA,37,Bangladesh,0,0,2,2,1593,482,480,631,0.0012554927809165098,0,0,0.003169572107765452
NA,38,Cambodia,0,0,1,1,1593,482,480,631,6.277463904582549e-4,0,0,0.001584786053882726
NA,38,Lebanon,0,0,1,1,1593,482,480,631,6.277463904582549e-4,0,0,0.001584786053882726
NA,38,Palestine,0,0,1,1,1593,482,480,631,6.277463904582549e-4,0,0,0.001584786053882726
NA,38,Syria,0,0,1,1,1593,482,480,631,6.277463904582549e-4,0,0,0.001584786053882726
